damage_bin_index,bin_from,bin_to,interpolation
1,0.000000,0.000000,0.000000
2,0.000000,0.050000,0.025000
3,0.050000,0.100000,0.075000
4,0.100000,0.150000,0.125000
5,0.150000,0.200000,0.175000
6,0.200000,0.250000,0.225000
7,0.250000,0.300000,0.275000
8,0.300000,0.350000,0.325000
9,0.350000,0.400000,0.375000
10,0.400000,0.450000,0.425000
11,0.450000,0.500000,0.475000
12,0.500000,0.550000,0.525000
13,0.550000,0.600000,0.575000
14,0.600000,0.650000,0.625000
15,0.650000,0.700000,0.675000
16,0.700000,0.750000,0.725000
17,0.750000,0.800000,0.775000
18,0.800000,0.850000,0.825000
19,0.850000,0.900000,0.875000
20,0.900000,0.950000,0.925000
21,0.950000,1.000000,0.975000
22,1.000000,1.000000,1.000000
