damage_bin_index,bin_from,bin_to,interpolation
1,0.000000,0.000000,0.000000
2,0.000000,0.200000,0.100000
3,0.200000,0.400000,0.300000
4,0.400000,0.600000,0.500000
5,0.600000,0.800000,0.700000
6,0.800000,1.000000,0.900000
7,1.000000,1.000000,1.000000
